id;nom;prenom;email;mot_de_passe
1;vice solidarity;reload aw;Onie20@yahoo.com;ligand
2;lively fester impossible;baggy;Alessia_Abbott-Hayes22@hotmail.com;terminology knowingly
3;consult;witch-hunt;Jacky1@hotmail.com;pith than
4;massage;robot;Tomas51@yahoo.com;wind-chime
5;wise freely overcome;pfft aw pricey;Annetta.Green@hotmail.com;toward gah yahoo
6;oh wrongly boo;dearly;Kathryne96@hotmail.com;trowel behind
7;recapitulate worse;until;Cydney.Wintheiser@gmail.com;satisfied mockingly slowly
8;lunchmeat;um;Chester.Hodkiewicz@yahoo.com;cute
9;eek;as;Deonte.Champlin@yahoo.com;mmm and over
10;finally duh;same;Joelle48@yahoo.com;tight glorious optimal
